{"cameraMode":{"drawMode":0,"name":"Shaded","section":"Shading Mode"},"sceneLighting":false,"audioPlay":false,"sceneViewState":{"showFog":true,"showMaterialUpdate":false,"showSkybox":false,"showFlares":true,"showImageEffects":true,"showParticleSystems":true,"showVisualEffectGraphs":true,"m_FxEnabled":true},"in2DMode":false,"pivot":{"x":-0.2199997901916504,"y":0.26000022888183596,"z":-0.32000017166137698},"rotation":{"x":-0.3073761463165283,"y":-0.3022250831127167,"z":0.10354999452829361,"w":-0.8964037299156189},"size":10.392304420471192,"orthographic":false}